Scenario,Included,Dropped,n_included,Day,RMSE,MAE
incl_none,,"kettle,toaster,washer_dryer,coffee_machine,heatpump,TV",0,2024-12-30,184.6637139260313,136.3054699542705
incl_none,,"kettle,toaster,washer_dryer,coffee_machine,heatpump,TV",0,2024-12-31,155.5988476221906,114.73532493468706
incl_none,,"kettle,toaster,washer_dryer,coffee_machine,heatpump,TV",0,2025-01-01,160.62057073089753,127.89066936930779
incl_none,,"kettle,toaster,washer_dryer,coffee_machine,heatpump,TV",0,2025-01-02,192.38233329863684,150.57545637500505
incl_none,,"kettle,toaster,washer_dryer,coffee_machine,heatpump,TV",0,2025-01-03,178.63170764514544,138.07585769918887
incl_none,,"kettle,toaster,washer_dryer,coffee_machine,heatpump,TV",0,2025-01-04,174.17632477960908,132.01643112659815
incl_none,,"kettle,toaster,washer_dryer,coffee_machine,heatpump,TV",0,2025-01-05,189.42096899741696,154.26025025023094
incl_kettle,kettle,"toaster,washer_dryer,coffee_machine,heatpump,TV",1,2024-12-30,156.55173435930905,122.27456041600146
incl_kettle,kettle,"toaster,washer_dryer,coffee_machine,heatpump,TV",1,2024-12-31,161.95808551779422,125.86556537505571
incl_kettle,kettle,"toaster,washer_dryer,coffee_machine,heatpump,TV",1,2025-01-01,169.86249968391917,126.668858951167
incl_kettle,kettle,"toaster,washer_dryer,coffee_machine,heatpump,TV",1,2025-01-02,203.48312973958687,157.49215060398845
incl_kettle,kettle,"toaster,washer_dryer,coffee_machine,heatpump,TV",1,2025-01-03,165.74603396199996,131.25107337445044
incl_kettle,kettle,"toaster,washer_dryer,coffee_machine,heatpump,TV",1,2025-01-04,173.6436350699625,131.08019442717594
incl_kettle,kettle,"toaster,washer_dryer,coffee_machine,heatpump,TV",1,2025-01-05,195.44567275165628,154.51215537362367
incl_toaster,toaster,"kettle,washer_dryer,coffee_machine,heatpump,TV",1,2024-12-30,183.98915638571825,139.35945932658004
incl_toaster,toaster,"kettle,washer_dryer,coffee_machine,heatpump,TV",1,2024-12-31,172.1167994421354,139.06236783222937
incl_toaster,toaster,"kettle,washer_dryer,coffee_machine,heatpump,TV",1,2025-01-01,173.07877946576113,136.64759399851923
incl_toaster,toaster,"kettle,washer_dryer,coffee_machine,heatpump,TV",1,2025-01-02,192.53192910368864,151.75748632277916
incl_toaster,toaster,"kettle,washer_dryer,coffee_machine,heatpump,TV",1,2025-01-03,166.80254761655223,133.8766623795282
incl_toaster,toaster,"kettle,washer_dryer,coffee_machine,heatpump,TV",1,2025-01-04,181.95732085006938,137.46760872364405
incl_toaster,toaster,"kettle,washer_dryer,coffee_machine,heatpump,TV",1,2025-01-05,199.07687754733502,160.51371049854228
incl_washer_dryer,washer_dryer,"kettle,toaster,coffee_machine,heatpump,TV",1,2024-12-30,128.94578347604033,103.29361944344794
incl_washer_dryer,washer_dryer,"kettle,toaster,coffee_machine,heatpump,TV",1,2024-12-31,95.25087033762112,65.57954164969472
incl_washer_dryer,washer_dryer,"kettle,toaster,coffee_machine,heatpump,TV",1,2025-01-01,61.45043810075817,50.75337290771938
incl_washer_dryer,washer_dryer,"kettle,toaster,coffee_machine,heatpump,TV",1,2025-01-02,107.33925195335135,85.78849481952409
incl_washer_dryer,washer_dryer,"kettle,toaster,coffee_machine,heatpump,TV",1,2025-01-03,116.93512048742552,89.81702005602274
incl_washer_dryer,washer_dryer,"kettle,toaster,coffee_machine,heatpump,TV",1,2025-01-04,97.63254355717216,77.23866836661522
incl_washer_dryer,washer_dryer,"kettle,toaster,coffee_machine,heatpump,TV",1,2025-01-05,194.11079572998486,123.30691639555563
incl_coffee_machine,coffee_machine,"kettle,toaster,washer_dryer,heatpump,TV",1,2024-12-30,185.94756584922553,144.91439827870815
incl_coffee_machine,coffee_machine,"kettle,toaster,washer_dryer,heatpump,TV",1,2024-12-31,161.90437482404957,128.09975536223834
incl_coffee_machine,coffee_machine,"kettle,toaster,washer_dryer,heatpump,TV",1,2025-01-01,180.26260087752524,137.52322558560272
incl_coffee_machine,coffee_machine,"kettle,toaster,washer_dryer,heatpump,TV",1,2025-01-02,196.195144115975,154.00211300378908
incl_coffee_machine,coffee_machine,"kettle,toaster,washer_dryer,heatpump,TV",1,2025-01-03,169.40812057068754,134.90260526553448
incl_coffee_machine,coffee_machine,"kettle,toaster,washer_dryer,heatpump,TV",1,2025-01-04,193.33043689907845,142.12831206481022
incl_coffee_machine,coffee_machine,"kettle,toaster,washer_dryer,heatpump,TV",1,2025-01-05,205.21853536476763,161.24352323902227
incl_heatpump,heatpump,"kettle,toaster,washer_dryer,coffee_machine,TV",1,2024-12-30,197.00459085142103,154.64144428243995
incl_heatpump,heatpump,"kettle,toaster,washer_dryer,coffee_machine,TV",1,2024-12-31,189.88369875669068,153.0344099159696
incl_heatpump,heatpump,"kettle,toaster,washer_dryer,coffee_machine,TV",1,2025-01-01,186.87929752873444,147.4361230766849
incl_heatpump,heatpump,"kettle,toaster,washer_dryer,coffee_machine,TV",1,2025-01-02,204.1560748742586,160.3936409097137
incl_heatpump,heatpump,"kettle,toaster,washer_dryer,coffee_machine,TV",1,2025-01-03,175.50944855757712,140.66925220293317
incl_heatpump,heatpump,"kettle,toaster,washer_dryer,coffee_machine,TV",1,2025-01-04,203.58397112534348,153.00342300892237
incl_heatpump,heatpump,"kettle,toaster,washer_dryer,coffee_machine,TV",1,2025-01-05,212.0442084061904,167.3168152170685
incl_TV,TV,"kettle,toaster,washer_dryer,coffee_machine,heatpump",1,2024-12-30,164.79728561120288,127.24827534121114
incl_TV,TV,"kettle,toaster,washer_dryer,coffee_machine,heatpump",1,2024-12-31,173.8311144773293,144.98543206410193
incl_TV,TV,"kettle,toaster,washer_dryer,coffee_machine,heatpump",1,2025-01-01,179.57811738386485,145.20519401988153
incl_TV,TV,"kettle,toaster,washer_dryer,coffee_machine,heatpump",1,2025-01-02,205.86290995311288,162.2792537153981
incl_TV,TV,"kettle,toaster,washer_dryer,coffee_machine,heatpump",1,2025-01-03,162.4498795150244,131.4534570038568
incl_TV,TV,"kettle,toaster,washer_dryer,coffee_machine,heatpump",1,2025-01-04,181.83937814977807,141.83503877481186
incl_TV,TV,"kettle,toaster,washer_dryer,coffee_machine,heatpump",1,2025-01-05,185.5221559765459,151.31978323984865
incl_kettle_toaster,"kettle,toaster","washer_dryer,coffee_machine,heatpump,TV",2,2024-12-30,153.44017405505218,115.38248328790901
incl_kettle_toaster,"kettle,toaster","washer_dryer,coffee_machine,heatpump,TV",2,2024-12-31,137.58838197658196,100.31091855015534
incl_kettle_toaster,"kettle,toaster","washer_dryer,coffee_machine,heatpump,TV",2,2025-01-01,149.2829296826271,108.73907682176151
incl_kettle_toaster,"kettle,toaster","washer_dryer,coffee_machine,heatpump,TV",2,2025-01-02,169.77562817004636,124.87069477563966
incl_kettle_toaster,"kettle,toaster","washer_dryer,coffee_machine,heatpump,TV",2,2025-01-03,159.90283602409076,122.1592849103926
incl_kettle_toaster,"kettle,toaster","washer_dryer,coffee_machine,heatpump,TV",2,2025-01-04,158.69793379428978,110.7779388202761
incl_kettle_toaster,"kettle,toaster","washer_dryer,coffee_machine,heatpump,TV",2,2025-01-05,194.3720162186836,153.22304423623353
incl_kettle_washer_dryer,"kettle,washer_dryer","toaster,coffee_machine,heatpump,TV",2,2024-12-30,139.10804403335877,106.04414653174791
incl_kettle_washer_dryer,"kettle,washer_dryer","toaster,coffee_machine,heatpump,TV",2,2024-12-31,98.29225869576285,57.672743762808885
incl_kettle_washer_dryer,"kettle,washer_dryer","toaster,coffee_machine,heatpump,TV",2,2025-01-01,55.55138265034887,45.37785121623796
incl_kettle_washer_dryer,"kettle,washer_dryer","toaster,coffee_machine,heatpump,TV",2,2025-01-02,97.98297671385545,71.36630987537126
incl_kettle_washer_dryer,"kettle,washer_dryer","toaster,coffee_machine,heatpump,TV",2,2025-01-03,105.66810122360135,81.69713874397033
incl_kettle_washer_dryer,"kettle,washer_dryer","toaster,coffee_machine,heatpump,TV",2,2025-01-04,70.65795814998103,61.18779302074933
incl_kettle_washer_dryer,"kettle,washer_dryer","toaster,coffee_machine,heatpump,TV",2,2025-01-05,203.4228154138138,131.6801998823103
incl_kettle_coffee_machine,"kettle,coffee_machine","toaster,washer_dryer,heatpump,TV",2,2024-12-30,153.2344657918596,116.09901504144905
incl_kettle_coffee_machine,"kettle,coffee_machine","toaster,washer_dryer,heatpump,TV",2,2024-12-31,134.6456940952944,102.78722484466022
incl_kettle_coffee_machine,"kettle,coffee_machine","toaster,washer_dryer,heatpump,TV",2,2025-01-01,159.2175975421487,113.16218831721517
incl_kettle_coffee_machine,"kettle,coffee_machine","toaster,washer_dryer,heatpump,TV",2,2025-01-02,154.53834555976547,120.66350140100587
incl_kettle_coffee_machine,"kettle,coffee_machine","toaster,washer_dryer,heatpump,TV",2,2025-01-03,151.0407099564794,116.1114339836755
incl_kettle_coffee_machine,"kettle,coffee_machine","toaster,washer_dryer,heatpump,TV",2,2025-01-04,152.71016996219626,108.62925892959174
incl_kettle_coffee_machine,"kettle,coffee_machine","toaster,washer_dryer,heatpump,TV",2,2025-01-05,191.45939816638443,151.60990264109935
incl_kettle_heatpump,"kettle,heatpump","toaster,washer_dryer,coffee_machine,TV",2,2024-12-30,150.72899483133963,114.17975024805305
incl_kettle_heatpump,"kettle,heatpump","toaster,washer_dryer,coffee_machine,TV",2,2024-12-31,144.64340724843132,106.02228369750537
incl_kettle_heatpump,"kettle,heatpump","toaster,washer_dryer,coffee_machine,TV",2,2025-01-01,159.40165578483246,113.57567169627312
incl_kettle_heatpump,"kettle,heatpump","toaster,washer_dryer,coffee_machine,TV",2,2025-01-02,169.28340824215928,125.33841067478924
incl_kettle_heatpump,"kettle,heatpump","toaster,washer_dryer,coffee_machine,TV",2,2025-01-03,166.2000439670996,128.36615498943314
incl_kettle_heatpump,"kettle,heatpump","toaster,washer_dryer,coffee_machine,TV",2,2025-01-04,152.60423227722373,109.25444251035992
incl_kettle_heatpump,"kettle,heatpump","toaster,washer_dryer,coffee_machine,TV",2,2025-01-05,194.1188137439103,154.79369656218162
incl_kettle_TV,"kettle,TV","toaster,washer_dryer,coffee_machine,heatpump",2,2024-12-30,165.21929193504874,124.13967400140133
incl_kettle_TV,"kettle,TV","toaster,washer_dryer,coffee_machine,heatpump",2,2024-12-31,165.79266073713018,124.7374024344562
incl_kettle_TV,"kettle,TV","toaster,washer_dryer,coffee_machine,heatpump",2,2025-01-01,170.13607035759955,128.11759553711377
incl_kettle_TV,"kettle,TV","toaster,washer_dryer,coffee_machine,heatpump",2,2025-01-02,180.66612496005519,134.76464809900392
incl_kettle_TV,"kettle,TV","toaster,washer_dryer,coffee_machine,heatpump",2,2025-01-03,176.7165011431393,140.7980221606526
incl_kettle_TV,"kettle,TV","toaster,washer_dryer,coffee_machine,heatpump",2,2025-01-04,180.06138425400914,139.20399719669948
incl_kettle_TV,"kettle,TV","toaster,washer_dryer,coffee_machine,heatpump",2,2025-01-05,209.36091331114028,171.83005571338603
incl_toaster_washer_dryer,"toaster,washer_dryer","kettle,coffee_machine,heatpump,TV",2,2024-12-30,163.4282954900791,124.50392073044377
incl_toaster_washer_dryer,"toaster,washer_dryer","kettle,coffee_machine,heatpump,TV",2,2024-12-31,101.59857917478845,65.04029718586803
incl_toaster_washer_dryer,"toaster,washer_dryer","kettle,coffee_machine,heatpump,TV",2,2025-01-01,44.0862504562446,39.062461265167805
incl_toaster_washer_dryer,"toaster,washer_dryer","kettle,coffee_machine,heatpump,TV",2,2025-01-02,120.22807744110158,84.47060401650488
incl_toaster_washer_dryer,"toaster,washer_dryer","kettle,coffee_machine,heatpump,TV",2,2025-01-03,114.17345126994094,85.66651308275614
incl_toaster_washer_dryer,"toaster,washer_dryer","kettle,coffee_machine,heatpump,TV",2,2025-01-04,79.13447962159343,63.707884713355945
incl_toaster_washer_dryer,"toaster,washer_dryer","kettle,coffee_machine,heatpump,TV",2,2025-01-05,205.3033899647689,127.344725131721
incl_toaster_coffee_machine,"toaster,coffee_machine","kettle,washer_dryer,heatpump,TV",2,2024-12-30,168.83452166927393,130.07697494497657
incl_toaster_coffee_machine,"toaster,coffee_machine","kettle,washer_dryer,heatpump,TV",2,2024-12-31,148.06964644136426,114.0373396826862
incl_toaster_coffee_machine,"toaster,coffee_machine","kettle,washer_dryer,heatpump,TV",2,2025-01-01,177.90021510183774,133.3092417319447
incl_toaster_coffee_machine,"toaster,coffee_machine","kettle,washer_dryer,heatpump,TV",2,2025-01-02,172.0369416739666,136.4432849677987
incl_toaster_coffee_machine,"toaster,coffee_machine","kettle,washer_dryer,heatpump,TV",2,2025-01-03,159.81166566966576,127.65324234634677
incl_toaster_coffee_machine,"toaster,coffee_machine","kettle,washer_dryer,heatpump,TV",2,2025-01-04,167.30200269758728,125.41993854334093
incl_toaster_coffee_machine,"toaster,coffee_machine","kettle,washer_dryer,heatpump,TV",2,2025-01-05,193.7670561078287,154.17572726817602
incl_toaster_heatpump,"toaster,heatpump","kettle,washer_dryer,coffee_machine,TV",2,2024-12-30,168.51959664346305,130.8481080590833
incl_toaster_heatpump,"toaster,heatpump","kettle,washer_dryer,coffee_machine,TV",2,2024-12-31,153.86270188249938,120.68337900967185
incl_toaster_heatpump,"toaster,heatpump","kettle,washer_dryer,coffee_machine,TV",2,2025-01-01,174.81397211813447,131.2193662560062
incl_toaster_heatpump,"toaster,heatpump","kettle,washer_dryer,coffee_machine,TV",2,2025-01-02,172.81400297549183,138.69949952177424
incl_toaster_heatpump,"toaster,heatpump","kettle,washer_dryer,coffee_machine,TV",2,2025-01-03,157.35242056679573,129.3811178215661
incl_toaster_heatpump,"toaster,heatpump","kettle,washer_dryer,coffee_machine,TV",2,2025-01-04,172.26393042080602,127.10602964848415
incl_toaster_heatpump,"toaster,heatpump","kettle,washer_dryer,coffee_machine,TV",2,2025-01-05,200.2584775305718,159.50108172397032
incl_toaster_TV,"toaster,TV","kettle,washer_dryer,coffee_machine,heatpump",2,2024-12-30,169.59011428835856,131.6551319261254
incl_toaster_TV,"toaster,TV","kettle,washer_dryer,coffee_machine,heatpump",2,2024-12-31,151.01386444343984,116.887515446009
incl_toaster_TV,"toaster,TV","kettle,washer_dryer,coffee_machine,heatpump",2,2025-01-01,160.10009303601197,125.08232516408725
incl_toaster_TV,"toaster,TV","kettle,washer_dryer,coffee_machine,heatpump",2,2025-01-02,172.905326013754,133.03269924646486
incl_toaster_TV,"toaster,TV","kettle,washer_dryer,coffee_machine,heatpump",2,2025-01-03,160.37010473950903,129.04981477727532
incl_toaster_TV,"toaster,TV","kettle,washer_dryer,coffee_machine,heatpump",2,2025-01-04,173.64856082682556,129.58362688511747
incl_toaster_TV,"toaster,TV","kettle,washer_dryer,coffee_machine,heatpump",2,2025-01-05,199.7837580895123,161.48044665627748
incl_washer_dryer_coffee_machine,"washer_dryer,coffee_machine","kettle,toaster,heatpump,TV",2,2024-12-30,164.68761028114423,120.79230618908518
incl_washer_dryer_coffee_machine,"washer_dryer,coffee_machine","kettle,toaster,heatpump,TV",2,2024-12-31,78.77304983443412,58.653906670401916
incl_washer_dryer_coffee_machine,"washer_dryer,coffee_machine","kettle,toaster,heatpump,TV",2,2025-01-01,48.73313758864816,39.88155537797552
incl_washer_dryer_coffee_machine,"washer_dryer,coffee_machine","kettle,toaster,heatpump,TV",2,2025-01-02,115.85327019953002,85.52344711037695
incl_washer_dryer_coffee_machine,"washer_dryer,coffee_machine","kettle,toaster,heatpump,TV",2,2025-01-03,101.9917468857655,78.34824172786593
incl_washer_dryer_coffee_machine,"washer_dryer,coffee_machine","kettle,toaster,heatpump,TV",2,2025-01-04,72.40751329488107,55.536251494926205
incl_washer_dryer_coffee_machine,"washer_dryer,coffee_machine","kettle,toaster,heatpump,TV",2,2025-01-05,210.77918215855553,133.64611810537346
incl_washer_dryer_heatpump,"washer_dryer,heatpump","kettle,toaster,coffee_machine,TV",2,2024-12-30,160.5287122545752,119.224378897674
incl_washer_dryer_heatpump,"washer_dryer,heatpump","kettle,toaster,coffee_machine,TV",2,2024-12-31,89.63220255363626,65.52802929003083
incl_washer_dryer_heatpump,"washer_dryer,heatpump","kettle,toaster,coffee_machine,TV",2,2025-01-01,53.44856920834622,41.23947262306492
incl_washer_dryer_heatpump,"washer_dryer,heatpump","kettle,toaster,coffee_machine,TV",2,2025-01-02,113.56118581836652,83.94291208114096
incl_washer_dryer_heatpump,"washer_dryer,heatpump","kettle,toaster,coffee_machine,TV",2,2025-01-03,101.60155459023213,82.56180123227192
incl_washer_dryer_heatpump,"washer_dryer,heatpump","kettle,toaster,coffee_machine,TV",2,2025-01-04,72.57437705604134,57.47281816566187
incl_washer_dryer_heatpump,"washer_dryer,heatpump","kettle,toaster,coffee_machine,TV",2,2025-01-05,206.2493428659265,133.2087287513865
incl_washer_dryer_TV,"washer_dryer,TV","kettle,toaster,coffee_machine,heatpump",2,2024-12-30,142.88540381163088,108.0438545955408
incl_washer_dryer_TV,"washer_dryer,TV","kettle,toaster,coffee_machine,heatpump",2,2024-12-31,93.07346635511414,65.15738249539378
incl_washer_dryer_TV,"washer_dryer,TV","kettle,toaster,coffee_machine,heatpump",2,2025-01-01,49.02277156246245,35.21625608417305
incl_washer_dryer_TV,"washer_dryer,TV","kettle,toaster,coffee_machine,heatpump",2,2025-01-02,99.82039452286527,77.02440959141522
incl_washer_dryer_TV,"washer_dryer,TV","kettle,toaster,coffee_machine,heatpump",2,2025-01-03,95.87463790832824,81.62883436418925
incl_washer_dryer_TV,"washer_dryer,TV","kettle,toaster,coffee_machine,heatpump",2,2025-01-04,73.0485395891985,55.80758395620046
incl_washer_dryer_TV,"washer_dryer,TV","kettle,toaster,coffee_machine,heatpump",2,2025-01-05,198.35584402634254,133.1657490925534
incl_coffee_machine_heatpump,"coffee_machine,heatpump","kettle,toaster,washer_dryer,TV",2,2024-12-30,164.37741592220323,126.96228703450647
incl_coffee_machine_heatpump,"coffee_machine,heatpump","kettle,toaster,washer_dryer,TV",2,2024-12-31,141.61749793269902,108.71707858687815
incl_coffee_machine_heatpump,"coffee_machine,heatpump","kettle,toaster,washer_dryer,TV",2,2025-01-01,163.6244485869472,124.16839681427443
incl_coffee_machine_heatpump,"coffee_machine,heatpump","kettle,toaster,washer_dryer,TV",2,2025-01-02,171.93709039072098,134.05195806350181
incl_coffee_machine_heatpump,"coffee_machine,heatpump","kettle,toaster,washer_dryer,TV",2,2025-01-03,148.4911082391925,118.84425862712845
incl_coffee_machine_heatpump,"coffee_machine,heatpump","kettle,toaster,washer_dryer,TV",2,2025-01-04,157.4957752334371,116.85197621474799
incl_coffee_machine_heatpump,"coffee_machine,heatpump","kettle,toaster,washer_dryer,TV",2,2025-01-05,193.9483466870908,149.4863659151845
incl_coffee_machine_TV,"coffee_machine,TV","kettle,toaster,washer_dryer,heatpump",2,2024-12-30,169.26423447475315,130.2675983430063
incl_coffee_machine_TV,"coffee_machine,TV","kettle,toaster,washer_dryer,heatpump",2,2024-12-31,148.65494614438637,115.92744016181217
incl_coffee_machine_TV,"coffee_machine,TV","kettle,toaster,washer_dryer,heatpump",2,2025-01-01,161.36508229397128,124.25465843369902
incl_coffee_machine_TV,"coffee_machine,TV","kettle,toaster,washer_dryer,heatpump",2,2025-01-02,164.94788317762936,130.91565988387535
incl_coffee_machine_TV,"coffee_machine,TV","kettle,toaster,washer_dryer,heatpump",2,2025-01-03,156.4370872708305,124.03478876832311
incl_coffee_machine_TV,"coffee_machine,TV","kettle,toaster,washer_dryer,heatpump",2,2025-01-04,166.84195851793856,127.54427764703966
incl_coffee_machine_TV,"coffee_machine,TV","kettle,toaster,washer_dryer,heatpump",2,2025-01-05,203.0628802503025,160.92914893130674
incl_heatpump_TV,"heatpump,TV","kettle,toaster,washer_dryer,coffee_machine",2,2024-12-30,166.25947363594358,123.98143890498687
incl_heatpump_TV,"heatpump,TV","kettle,toaster,washer_dryer,coffee_machine",2,2024-12-31,143.98430086750585,114.78243803537471
incl_heatpump_TV,"heatpump,TV","kettle,toaster,washer_dryer,coffee_machine",2,2025-01-01,157.51948750190786,118.54834829132521
incl_heatpump_TV,"heatpump,TV","kettle,toaster,washer_dryer,coffee_machine",2,2025-01-02,167.00743698417062,131.33381936873863
incl_heatpump_TV,"heatpump,TV","kettle,toaster,washer_dryer,coffee_machine",2,2025-01-03,151.74059036306267,126.25629639297763
incl_heatpump_TV,"heatpump,TV","kettle,toaster,washer_dryer,coffee_machine",2,2025-01-04,162.14812001732724,121.29855646580593
incl_heatpump_TV,"heatpump,TV","kettle,toaster,washer_dryer,coffee_machine",2,2025-01-05,191.06904248566127,155.66572300566307
incl_kettle_toaster_washer_dryer,"kettle,toaster,washer_dryer","coffee_machine,heatpump,TV",3,2024-12-30,120.80503631776126,100.44099637003622
incl_kettle_toaster_washer_dryer,"kettle,toaster,washer_dryer","coffee_machine,heatpump,TV",3,2024-12-31,79.76907168840224,57.370372400433325
incl_kettle_toaster_washer_dryer,"kettle,toaster,washer_dryer","coffee_machine,heatpump,TV",3,2025-01-01,82.80632100586885,60.48967730463536
incl_kettle_toaster_washer_dryer,"kettle,toaster,washer_dryer","coffee_machine,heatpump,TV",3,2025-01-02,96.88491315737727,79.47682473983237
incl_kettle_toaster_washer_dryer,"kettle,toaster,washer_dryer","coffee_machine,heatpump,TV",3,2025-01-03,125.54932052263307,93.60981046892557
incl_kettle_toaster_washer_dryer,"kettle,toaster,washer_dryer","coffee_machine,heatpump,TV",3,2025-01-04,81.72275129329827,65.23238571292647
incl_kettle_toaster_washer_dryer,"kettle,toaster,washer_dryer","coffee_machine,heatpump,TV",3,2025-01-05,202.65780985076896,129.90645243815746
incl_kettle_toaster_coffee_machine,"kettle,toaster,coffee_machine","washer_dryer,heatpump,TV",3,2024-12-30,145.35697565504864,116.95841012537271
incl_kettle_toaster_coffee_machine,"kettle,toaster,coffee_machine","washer_dryer,heatpump,TV",3,2024-12-31,135.63687083549138,109.58740836453414
incl_kettle_toaster_coffee_machine,"kettle,toaster,coffee_machine","washer_dryer,heatpump,TV",3,2025-01-01,150.58535825283926,113.87760180593295
incl_kettle_toaster_coffee_machine,"kettle,toaster,coffee_machine","washer_dryer,heatpump,TV",3,2025-01-02,171.61875178152752,135.63239200326026
incl_kettle_toaster_coffee_machine,"kettle,toaster,coffee_machine","washer_dryer,heatpump,TV",3,2025-01-03,155.66873405353974,122.97576641708652
incl_kettle_toaster_coffee_machine,"kettle,toaster,coffee_machine","washer_dryer,heatpump,TV",3,2025-01-04,151.43173562936371,114.98268186410628
incl_kettle_toaster_coffee_machine,"kettle,toaster,coffee_machine","washer_dryer,heatpump,TV",3,2025-01-05,185.931031271503,144.48672787321678
incl_kettle_toaster_heatpump,"kettle,toaster,heatpump","washer_dryer,coffee_machine,TV",3,2024-12-30,146.06096866238826,118.02688070561328
incl_kettle_toaster_heatpump,"kettle,toaster,heatpump","washer_dryer,coffee_machine,TV",3,2024-12-31,154.3891867460826,118.13211598070438
incl_kettle_toaster_heatpump,"kettle,toaster,heatpump","washer_dryer,coffee_machine,TV",3,2025-01-01,152.7002513381038,116.50240916372104
incl_kettle_toaster_heatpump,"kettle,toaster,heatpump","washer_dryer,coffee_machine,TV",3,2025-01-02,186.52882226981964,138.22910052464275
incl_kettle_toaster_heatpump,"kettle,toaster,heatpump","washer_dryer,coffee_machine,TV",3,2025-01-03,145.67006797486118,118.10268414619081
incl_kettle_toaster_heatpump,"kettle,toaster,heatpump","washer_dryer,coffee_machine,TV",3,2025-01-04,143.82910205909016,109.20637507597966
incl_kettle_toaster_heatpump,"kettle,toaster,heatpump","washer_dryer,coffee_machine,TV",3,2025-01-05,186.91869866820034,142.21067825926414
incl_kettle_toaster_TV,"kettle,toaster,TV","washer_dryer,coffee_machine,heatpump",3,2024-12-30,151.64529128016306,119.98123919030543
incl_kettle_toaster_TV,"kettle,toaster,TV","washer_dryer,coffee_machine,heatpump",3,2024-12-31,141.80915312380606,103.89706935531076
incl_kettle_toaster_TV,"kettle,toaster,TV","washer_dryer,coffee_machine,heatpump",3,2025-01-01,150.79999577656653,116.3195802605228
incl_kettle_toaster_TV,"kettle,toaster,TV","washer_dryer,coffee_machine,heatpump",3,2025-01-02,178.23662293474544,135.6010440926971
incl_kettle_toaster_TV,"kettle,toaster,TV","washer_dryer,coffee_machine,heatpump",3,2025-01-03,153.79862584238643,122.31595124828148
incl_kettle_toaster_TV,"kettle,toaster,TV","washer_dryer,coffee_machine,heatpump",3,2025-01-04,152.68149181333763,114.44298437441955
incl_kettle_toaster_TV,"kettle,toaster,TV","washer_dryer,coffee_machine,heatpump",3,2025-01-05,188.92043302489495,148.33357604317933
incl_kettle_washer_dryer_coffee_machine,"kettle,washer_dryer,coffee_machine","toaster,heatpump,TV",3,2024-12-30,122.63262702704513,96.75212982386434
incl_kettle_washer_dryer_coffee_machine,"kettle,washer_dryer,coffee_machine","toaster,heatpump,TV",3,2024-12-31,78.5028302525106,55.30317603108863
incl_kettle_washer_dryer_coffee_machine,"kettle,washer_dryer,coffee_machine","toaster,heatpump,TV",3,2025-01-01,64.70145875254546,47.73310664702846
incl_kettle_washer_dryer_coffee_machine,"kettle,washer_dryer,coffee_machine","toaster,heatpump,TV",3,2025-01-02,83.6814866829436,64.49328611220785
incl_kettle_washer_dryer_coffee_machine,"kettle,washer_dryer,coffee_machine","toaster,heatpump,TV",3,2025-01-03,114.04624875758282,85.14461954565564
incl_kettle_washer_dryer_coffee_machine,"kettle,washer_dryer,coffee_machine","toaster,heatpump,TV",3,2025-01-04,70.75062299212419,58.40104463660915
incl_kettle_washer_dryer_coffee_machine,"kettle,washer_dryer,coffee_machine","toaster,heatpump,TV",3,2025-01-05,209.52798185277024,129.32669792664217
incl_kettle_washer_dryer_heatpump,"kettle,washer_dryer,heatpump","toaster,coffee_machine,TV",3,2024-12-30,128.92966223821702,100.1918423482784
incl_kettle_washer_dryer_heatpump,"kettle,washer_dryer,heatpump","toaster,coffee_machine,TV",3,2024-12-31,78.45930596819204,54.0968016621105
incl_kettle_washer_dryer_heatpump,"kettle,washer_dryer,heatpump","toaster,coffee_machine,TV",3,2025-01-01,69.71943188716702,52.684040103449355
incl_kettle_washer_dryer_heatpump,"kettle,washer_dryer,heatpump","toaster,coffee_machine,TV",3,2025-01-02,87.86680201820351,69.24496213011166
incl_kettle_washer_dryer_heatpump,"kettle,washer_dryer,heatpump","toaster,coffee_machine,TV",3,2025-01-03,114.74796941846527,88.08132803179178
incl_kettle_washer_dryer_heatpump,"kettle,washer_dryer,heatpump","toaster,coffee_machine,TV",3,2025-01-04,76.1922441653879,62.33491588224191
incl_kettle_washer_dryer_heatpump,"kettle,washer_dryer,heatpump","toaster,coffee_machine,TV",3,2025-01-05,214.00182472000768,131.85795746338533
incl_kettle_washer_dryer_TV,"kettle,washer_dryer,TV","toaster,coffee_machine,heatpump",3,2024-12-30,107.86003771960203,91.06667219808851
incl_kettle_washer_dryer_TV,"kettle,washer_dryer,TV","toaster,coffee_machine,heatpump",3,2024-12-31,76.71999712933766,53.96071927467031
incl_kettle_washer_dryer_TV,"kettle,washer_dryer,TV","toaster,coffee_machine,heatpump",3,2025-01-01,56.32967238077644,44.73765401929413
incl_kettle_washer_dryer_TV,"kettle,washer_dryer,TV","toaster,coffee_machine,heatpump",3,2025-01-02,90.00595215632394,67.99351467615236
incl_kettle_washer_dryer_TV,"kettle,washer_dryer,TV","toaster,coffee_machine,heatpump",3,2025-01-03,98.6406218202815,79.1924581104254
incl_kettle_washer_dryer_TV,"kettle,washer_dryer,TV","toaster,coffee_machine,heatpump",3,2025-01-04,77.34886653498616,61.92547109687526
incl_kettle_washer_dryer_TV,"kettle,washer_dryer,TV","toaster,coffee_machine,heatpump",3,2025-01-05,205.33753997740257,128.25278679503074
incl_kettle_coffee_machine_heatpump,"kettle,coffee_machine,heatpump","toaster,washer_dryer,TV",3,2024-12-30,139.04559712925513,111.9666063309824
incl_kettle_coffee_machine_heatpump,"kettle,coffee_machine,heatpump","toaster,washer_dryer,TV",3,2024-12-31,127.1466976754456,101.24832596453007
incl_kettle_coffee_machine_heatpump,"kettle,coffee_machine,heatpump","toaster,washer_dryer,TV",3,2025-01-01,146.3009377744938,107.18395378550652
incl_kettle_coffee_machine_heatpump,"kettle,coffee_machine,heatpump","toaster,washer_dryer,TV",3,2025-01-02,169.96437126002672,132.2727495623218
incl_kettle_coffee_machine_heatpump,"kettle,coffee_machine,heatpump","toaster,washer_dryer,TV",3,2025-01-03,154.1294508230043,121.35383120844801
incl_kettle_coffee_machine_heatpump,"kettle,coffee_machine,heatpump","toaster,washer_dryer,TV",3,2025-01-04,147.64225243293797,111.30046696668437
incl_kettle_coffee_machine_heatpump,"kettle,coffee_machine,heatpump","toaster,washer_dryer,TV",3,2025-01-05,183.28119321068633,139.94222468103402
incl_kettle_coffee_machine_TV,"kettle,coffee_machine,TV","toaster,washer_dryer,heatpump",3,2024-12-30,150.3777790326811,117.26406919982462
incl_kettle_coffee_machine_TV,"kettle,coffee_machine,TV","toaster,washer_dryer,heatpump",3,2024-12-31,144.80763063228207,115.28779418822711
incl_kettle_coffee_machine_TV,"kettle,coffee_machine,TV","toaster,washer_dryer,heatpump",3,2025-01-01,155.67053543041786,119.75859278798862
incl_kettle_coffee_machine_TV,"kettle,coffee_machine,TV","toaster,washer_dryer,heatpump",3,2025-01-02,185.30593968044303,142.23066337319435
incl_kettle_coffee_machine_TV,"kettle,coffee_machine,TV","toaster,washer_dryer,heatpump",3,2025-01-03,135.40325276281635,110.79095387131015
incl_kettle_coffee_machine_TV,"kettle,coffee_machine,TV","toaster,washer_dryer,heatpump",3,2025-01-04,153.14347705847226,117.57332892577215
incl_kettle_coffee_machine_TV,"kettle,coffee_machine,TV","toaster,washer_dryer,heatpump",3,2025-01-05,182.17968889791237,139.21138906452128
incl_kettle_heatpump_TV,"kettle,heatpump,TV","toaster,washer_dryer,coffee_machine",3,2024-12-30,154.24484797196666,119.809495568538
incl_kettle_heatpump_TV,"kettle,heatpump,TV","toaster,washer_dryer,coffee_machine",3,2024-12-31,151.85156964734904,119.35849801258826
incl_kettle_heatpump_TV,"kettle,heatpump,TV","toaster,washer_dryer,coffee_machine",3,2025-01-01,166.37593650046173,127.16778074066603
incl_kettle_heatpump_TV,"kettle,heatpump,TV","toaster,washer_dryer,coffee_machine",3,2025-01-02,188.19604791990986,144.79352608732603
incl_kettle_heatpump_TV,"kettle,heatpump,TV","toaster,washer_dryer,coffee_machine",3,2025-01-03,140.3159418590864,115.56444191604892
incl_kettle_heatpump_TV,"kettle,heatpump,TV","toaster,washer_dryer,coffee_machine",3,2025-01-04,153.32429517644195,117.0754293919163
incl_kettle_heatpump_TV,"kettle,heatpump,TV","toaster,washer_dryer,coffee_machine",3,2025-01-05,179.87742256393614,136.26814686187825
incl_toaster_washer_dryer_coffee_machine,"toaster,washer_dryer,coffee_machine","kettle,heatpump,TV",3,2024-12-30,130.07596211048434,101.49644498971259
incl_toaster_washer_dryer_coffee_machine,"toaster,washer_dryer,coffee_machine","kettle,heatpump,TV",3,2024-12-31,96.56075638876064,66.44036691108388
incl_toaster_washer_dryer_coffee_machine,"toaster,washer_dryer,coffee_machine","kettle,heatpump,TV",3,2025-01-01,54.314038185362776,46.85806237894479
incl_toaster_washer_dryer_coffee_machine,"toaster,washer_dryer,coffee_machine","kettle,heatpump,TV",3,2025-01-02,92.76424563475294,76.11071117135107
incl_toaster_washer_dryer_coffee_machine,"toaster,washer_dryer,coffee_machine","kettle,heatpump,TV",3,2025-01-03,114.70219373874711,87.73250512021139
incl_toaster_washer_dryer_coffee_machine,"toaster,washer_dryer,coffee_machine","kettle,heatpump,TV",3,2025-01-04,76.29761965902186,63.96346021130109
incl_toaster_washer_dryer_coffee_machine,"toaster,washer_dryer,coffee_machine","kettle,heatpump,TV",3,2025-01-05,197.98482896477495,130.31192636463115
incl_toaster_washer_dryer_heatpump,"toaster,washer_dryer,heatpump","kettle,coffee_machine,TV",3,2024-12-30,129.84311987599253,99.80410604623114
incl_toaster_washer_dryer_heatpump,"toaster,washer_dryer,heatpump","kettle,coffee_machine,TV",3,2024-12-31,91.90214142565281,64.80129067817373
incl_toaster_washer_dryer_heatpump,"toaster,washer_dryer,heatpump","kettle,coffee_machine,TV",3,2025-01-01,55.57220730770054,46.640451991599456
incl_toaster_washer_dryer_heatpump,"toaster,washer_dryer,heatpump","kettle,coffee_machine,TV",3,2025-01-02,98.04906204927116,79.58205007922868
incl_toaster_washer_dryer_heatpump,"toaster,washer_dryer,heatpump","kettle,coffee_machine,TV",3,2025-01-03,115.64763714479363,91.41355542080953
incl_toaster_washer_dryer_heatpump,"toaster,washer_dryer,heatpump","kettle,coffee_machine,TV",3,2025-01-04,90.50479430085329,72.58724904491926
incl_toaster_washer_dryer_heatpump,"toaster,washer_dryer,heatpump","kettle,coffee_machine,TV",3,2025-01-05,201.87033612981406,130.0685620305247
incl_toaster_washer_dryer_TV,"toaster,washer_dryer,TV","kettle,coffee_machine,heatpump",3,2024-12-30,124.39577375122443,99.22787114115438
incl_toaster_washer_dryer_TV,"toaster,washer_dryer,TV","kettle,coffee_machine,heatpump",3,2024-12-31,85.62061458334433,61.25603247403148
incl_toaster_washer_dryer_TV,"toaster,washer_dryer,TV","kettle,coffee_machine,heatpump",3,2025-01-01,47.55764043614248,39.25015035084541
incl_toaster_washer_dryer_TV,"toaster,washer_dryer,TV","kettle,coffee_machine,heatpump",3,2025-01-02,87.12630734673569,71.11920364113867
incl_toaster_washer_dryer_TV,"toaster,washer_dryer,TV","kettle,coffee_machine,heatpump",3,2025-01-03,101.94406794008535,79.28113774197652
incl_toaster_washer_dryer_TV,"toaster,washer_dryer,TV","kettle,coffee_machine,heatpump",3,2025-01-04,73.88172212717295,60.27737228507225
incl_toaster_washer_dryer_TV,"toaster,washer_dryer,TV","kettle,coffee_machine,heatpump",3,2025-01-05,195.180395284202,120.91963911029767
incl_toaster_coffee_machine_heatpump,"toaster,coffee_machine,heatpump","kettle,washer_dryer,TV",3,2024-12-30,142.1474901327454,114.21423842677827
incl_toaster_coffee_machine_heatpump,"toaster,coffee_machine,heatpump","kettle,washer_dryer,TV",3,2024-12-31,158.97162533427417,137.1742713407336
incl_toaster_coffee_machine_heatpump,"toaster,coffee_machine,heatpump","kettle,washer_dryer,TV",3,2025-01-01,181.9496299738559,140.9474034543908
incl_toaster_coffee_machine_heatpump,"toaster,coffee_machine,heatpump","kettle,washer_dryer,TV",3,2025-01-02,193.12941182581912,156.2335606357676
incl_toaster_coffee_machine_heatpump,"toaster,coffee_machine,heatpump","kettle,washer_dryer,TV",3,2025-01-03,151.47175784984702,123.81945089563139
incl_toaster_coffee_machine_heatpump,"toaster,coffee_machine,heatpump","kettle,washer_dryer,TV",3,2025-01-04,187.28157619325657,143.0469515657461
incl_toaster_coffee_machine_heatpump,"toaster,coffee_machine,heatpump","kettle,washer_dryer,TV",3,2025-01-05,197.97844408777692,151.18371976272132
incl_toaster_coffee_machine_TV,"toaster,coffee_machine,TV","kettle,washer_dryer,heatpump",3,2024-12-30,147.74793708425796,112.91734675989387
incl_toaster_coffee_machine_TV,"toaster,coffee_machine,TV","kettle,washer_dryer,heatpump",3,2024-12-31,160.09120222369276,132.28609672716047
incl_toaster_coffee_machine_TV,"toaster,coffee_machine,TV","kettle,washer_dryer,heatpump",3,2025-01-01,170.38331353697677,132.2805962797082
incl_toaster_coffee_machine_TV,"toaster,coffee_machine,TV","kettle,washer_dryer,heatpump",3,2025-01-02,177.92214700466067,143.23586693815608
incl_toaster_coffee_machine_TV,"toaster,coffee_machine,TV","kettle,washer_dryer,heatpump",3,2025-01-03,133.46097019344862,108.79573664557597
incl_toaster_coffee_machine_TV,"toaster,coffee_machine,TV","kettle,washer_dryer,heatpump",3,2025-01-04,175.3079386681227,132.03447686990464
incl_toaster_coffee_machine_TV,"toaster,coffee_machine,TV","kettle,washer_dryer,heatpump",3,2025-01-05,181.1726683013968,143.35666990253398
incl_toaster_heatpump_TV,"toaster,heatpump,TV","kettle,washer_dryer,coffee_machine",3,2024-12-30,134.8393364985513,104.2017719471565
incl_toaster_heatpump_TV,"toaster,heatpump,TV","kettle,washer_dryer,coffee_machine",3,2024-12-31,162.59413811701276,133.54919250365677
incl_toaster_heatpump_TV,"toaster,heatpump,TV","kettle,washer_dryer,coffee_machine",3,2025-01-01,167.55091495386273,132.46920953552686
incl_toaster_heatpump_TV,"toaster,heatpump,TV","kettle,washer_dryer,coffee_machine",3,2025-01-02,179.44812862223023,140.97415931435646
incl_toaster_heatpump_TV,"toaster,heatpump,TV","kettle,washer_dryer,coffee_machine",3,2025-01-03,136.016198865224,111.13974806271506
incl_toaster_heatpump_TV,"toaster,heatpump,TV","kettle,washer_dryer,coffee_machine",3,2025-01-04,173.24240315249392,128.11019307265815
incl_toaster_heatpump_TV,"toaster,heatpump,TV","kettle,washer_dryer,coffee_machine",3,2025-01-05,179.0677501494002,140.1635297430428
incl_washer_dryer_coffee_machine_heatpump,"washer_dryer,coffee_machine,heatpump","kettle,toaster,TV",3,2024-12-30,131.58990081908732,101.79281390654201
incl_washer_dryer_coffee_machine_heatpump,"washer_dryer,coffee_machine,heatpump","kettle,toaster,TV",3,2024-12-31,92.97810214966415,67.44335668006582
incl_washer_dryer_coffee_machine_heatpump,"washer_dryer,coffee_machine,heatpump","kettle,toaster,TV",3,2025-01-01,60.89810723890986,53.03902208048287
incl_washer_dryer_coffee_machine_heatpump,"washer_dryer,coffee_machine,heatpump","kettle,toaster,TV",3,2025-01-02,104.59435385986414,82.61094751367689
incl_washer_dryer_coffee_machine_heatpump,"washer_dryer,coffee_machine,heatpump","kettle,toaster,TV",3,2025-01-03,107.67605806781667,82.64954400193412
incl_washer_dryer_coffee_machine_heatpump,"washer_dryer,coffee_machine,heatpump","kettle,toaster,TV",3,2025-01-04,80.15710039788033,63.40896744493841
incl_washer_dryer_coffee_machine_heatpump,"washer_dryer,coffee_machine,heatpump","kettle,toaster,TV",3,2025-01-05,184.7396803064932,120.63296842548321
incl_washer_dryer_coffee_machine_TV,"washer_dryer,coffee_machine,TV","kettle,toaster,heatpump",3,2024-12-30,122.31744113537067,100.16483039867039
incl_washer_dryer_coffee_machine_TV,"washer_dryer,coffee_machine,TV","kettle,toaster,heatpump",3,2024-12-31,96.1395644501885,68.26403826161983
incl_washer_dryer_coffee_machine_TV,"washer_dryer,coffee_machine,TV","kettle,toaster,heatpump",3,2025-01-01,55.88817730065312,47.02887752888782
incl_washer_dryer_coffee_machine_TV,"washer_dryer,coffee_machine,TV","kettle,toaster,heatpump",3,2025-01-02,96.28933872073286,78.18469054909767
incl_washer_dryer_coffee_machine_TV,"washer_dryer,coffee_machine,TV","kettle,toaster,heatpump",3,2025-01-03,99.79790287689086,81.1699999981296
incl_washer_dryer_coffee_machine_TV,"washer_dryer,coffee_machine,TV","kettle,toaster,heatpump",3,2025-01-04,87.57292400407033,65.89221660727684
incl_washer_dryer_coffee_machine_TV,"washer_dryer,coffee_machine,TV","kettle,toaster,heatpump",3,2025-01-05,193.17171987237631,127.10871966653139
incl_washer_dryer_heatpump_TV,"washer_dryer,heatpump,TV","kettle,toaster,coffee_machine",3,2024-12-30,115.5389064540182,95.17414429993585
incl_washer_dryer_heatpump_TV,"washer_dryer,heatpump,TV","kettle,toaster,coffee_machine",3,2024-12-31,89.78919572540626,63.63816691159251
incl_washer_dryer_heatpump_TV,"washer_dryer,heatpump,TV","kettle,toaster,coffee_machine",3,2025-01-01,52.77361293314604,43.700184774778116
incl_washer_dryer_heatpump_TV,"washer_dryer,heatpump,TV","kettle,toaster,coffee_machine",3,2025-01-02,99.09292413316089,77.44225690688559
incl_washer_dryer_heatpump_TV,"washer_dryer,heatpump,TV","kettle,toaster,coffee_machine",3,2025-01-03,107.02493174466794,87.04542537269349
incl_washer_dryer_heatpump_TV,"washer_dryer,heatpump,TV","kettle,toaster,coffee_machine",3,2025-01-04,82.25529282969791,61.756957480949154
incl_washer_dryer_heatpump_TV,"washer_dryer,heatpump,TV","kettle,toaster,coffee_machine",3,2025-01-05,191.10010177866974,120.88393133844369
incl_coffee_machine_heatpump_TV,"coffee_machine,heatpump,TV","kettle,toaster,washer_dryer",3,2024-12-30,133.8046312231179,103.37124635689717
incl_coffee_machine_heatpump_TV,"coffee_machine,heatpump,TV","kettle,toaster,washer_dryer",3,2024-12-31,163.1527449909158,138.01737125274124
incl_coffee_machine_heatpump_TV,"coffee_machine,heatpump,TV","kettle,toaster,washer_dryer",3,2025-01-01,172.6336339575964,136.27746727427606
incl_coffee_machine_heatpump_TV,"coffee_machine,heatpump,TV","kettle,toaster,washer_dryer",3,2025-01-02,185.199746549703,148.29246741459636
incl_coffee_machine_heatpump_TV,"coffee_machine,heatpump,TV","kettle,toaster,washer_dryer",3,2025-01-03,133.46249453614462,107.5709770183018
incl_coffee_machine_heatpump_TV,"coffee_machine,heatpump,TV","kettle,toaster,washer_dryer",3,2025-01-04,178.0044537401779,133.2965247657962
incl_coffee_machine_heatpump_TV,"coffee_machine,heatpump,TV","kettle,toaster,washer_dryer",3,2025-01-05,179.9452325834223,139.48996228902263
incl_kettle_toaster_washer_dryer_coffee_machine,"kettle,toaster,washer_dryer,coffee_machine","heatpump,TV",4,2024-12-30,126.88241398526118,93.53606434794149
incl_kettle_toaster_washer_dryer_coffee_machine,"kettle,toaster,washer_dryer,coffee_machine","heatpump,TV",4,2024-12-31,77.26250042850312,49.893334684265206
incl_kettle_toaster_washer_dryer_coffee_machine,"kettle,toaster,washer_dryer,coffee_machine","heatpump,TV",4,2025-01-01,53.42798465953171,43.562644356582496
incl_kettle_toaster_washer_dryer_coffee_machine,"kettle,toaster,washer_dryer,coffee_machine","heatpump,TV",4,2025-01-02,91.5874243550212,64.49512100269482
incl_kettle_toaster_washer_dryer_coffee_machine,"kettle,toaster,washer_dryer,coffee_machine","heatpump,TV",4,2025-01-03,109.78079952010468,79.72892788785053
incl_kettle_toaster_washer_dryer_coffee_machine,"kettle,toaster,washer_dryer,coffee_machine","heatpump,TV",4,2025-01-04,69.5169920746413,54.83829318448105
incl_kettle_toaster_washer_dryer_coffee_machine,"kettle,toaster,washer_dryer,coffee_machine","heatpump,TV",4,2025-01-05,208.11177514359602,126.55436512927605
incl_kettle_toaster_washer_dryer_heatpump,"kettle,toaster,washer_dryer,heatpump","coffee_machine,TV",4,2024-12-30,110.13834484056204,83.75410545003298
incl_kettle_toaster_washer_dryer_heatpump,"kettle,toaster,washer_dryer,heatpump","coffee_machine,TV",4,2024-12-31,75.87406215107774,48.647149657388894
incl_kettle_toaster_washer_dryer_heatpump,"kettle,toaster,washer_dryer,heatpump","coffee_machine,TV",4,2025-01-01,62.83477130954335,51.96806879251593
incl_kettle_toaster_washer_dryer_heatpump,"kettle,toaster,washer_dryer,heatpump","coffee_machine,TV",4,2025-01-02,84.38933956973452,64.24146309904476
incl_kettle_toaster_washer_dryer_heatpump,"kettle,toaster,washer_dryer,heatpump","coffee_machine,TV",4,2025-01-03,112.96034589235931,83.67861234880839
incl_kettle_toaster_washer_dryer_heatpump,"kettle,toaster,washer_dryer,heatpump","coffee_machine,TV",4,2025-01-04,70.29210388883557,60.44171863075808
incl_kettle_toaster_washer_dryer_heatpump,"kettle,toaster,washer_dryer,heatpump","coffee_machine,TV",4,2025-01-05,199.16094130749445,125.14329173259107
incl_kettle_toaster_washer_dryer_TV,"kettle,toaster,washer_dryer,TV","coffee_machine,heatpump",4,2024-12-30,121.85312857147645,89.07850412341229
incl_kettle_toaster_washer_dryer_TV,"kettle,toaster,washer_dryer,TV","coffee_machine,heatpump",4,2024-12-31,79.99261579280767,53.30743440020097
incl_kettle_toaster_washer_dryer_TV,"kettle,toaster,washer_dryer,TV","coffee_machine,heatpump",4,2025-01-01,44.18876273831596,34.30695621321562
incl_kettle_toaster_washer_dryer_TV,"kettle,toaster,washer_dryer,TV","coffee_machine,heatpump",4,2025-01-02,82.35266601145055,62.700019898710515
incl_kettle_toaster_washer_dryer_TV,"kettle,toaster,washer_dryer,TV","coffee_machine,heatpump",4,2025-01-03,103.69769391929601,80.76594253120177
incl_kettle_toaster_washer_dryer_TV,"kettle,toaster,washer_dryer,TV","coffee_machine,heatpump",4,2025-01-04,63.61209688582552,51.15379349575826
incl_kettle_toaster_washer_dryer_TV,"kettle,toaster,washer_dryer,TV","coffee_machine,heatpump",4,2025-01-05,197.65716838660992,124.07572964911192
incl_kettle_toaster_coffee_machine_heatpump,"kettle,toaster,coffee_machine,heatpump","washer_dryer,TV",4,2024-12-30,148.17126429481965,115.5304064502041
incl_kettle_toaster_coffee_machine_heatpump,"kettle,toaster,coffee_machine,heatpump","washer_dryer,TV",4,2024-12-31,122.29118436437632,97.27568314518707
incl_kettle_toaster_coffee_machine_heatpump,"kettle,toaster,coffee_machine,heatpump","washer_dryer,TV",4,2025-01-01,155.2099426597451,111.72874773830513
incl_kettle_toaster_coffee_machine_heatpump,"kettle,toaster,coffee_machine,heatpump","washer_dryer,TV",4,2025-01-02,152.52502442673057,119.5933586550342
incl_kettle_toaster_coffee_machine_heatpump,"kettle,toaster,coffee_machine,heatpump","washer_dryer,TV",4,2025-01-03,156.5278269893242,122.67076005565453
incl_kettle_toaster_coffee_machine_heatpump,"kettle,toaster,coffee_machine,heatpump","washer_dryer,TV",4,2025-01-04,134.80272730617042,97.90666289488836
incl_kettle_toaster_coffee_machine_heatpump,"kettle,toaster,coffee_machine,heatpump","washer_dryer,TV",4,2025-01-05,183.2822570355887,139.4781250950999
incl_kettle_toaster_coffee_machine_TV,"kettle,toaster,coffee_machine,TV","washer_dryer,heatpump",4,2024-12-30,159.51919300447332,126.37200406403497
incl_kettle_toaster_coffee_machine_TV,"kettle,toaster,coffee_machine,TV","washer_dryer,heatpump",4,2024-12-31,139.5944443112455,108.31411558435536
incl_kettle_toaster_coffee_machine_TV,"kettle,toaster,coffee_machine,TV","washer_dryer,heatpump",4,2025-01-01,151.76428629080596,110.45444697500034
incl_kettle_toaster_coffee_machine_TV,"kettle,toaster,coffee_machine,TV","washer_dryer,heatpump",4,2025-01-02,160.05319838322563,123.7073920361784
incl_kettle_toaster_coffee_machine_TV,"kettle,toaster,coffee_machine,TV","washer_dryer,heatpump",4,2025-01-03,161.90386147039686,125.0167212148757
incl_kettle_toaster_coffee_machine_TV,"kettle,toaster,coffee_machine,TV","washer_dryer,heatpump",4,2025-01-04,149.76415810286568,109.61591480066515
incl_kettle_toaster_coffee_machine_TV,"kettle,toaster,coffee_machine,TV","washer_dryer,heatpump",4,2025-01-05,191.65336388179122,155.54925489398906
incl_kettle_toaster_heatpump_TV,"kettle,toaster,heatpump,TV","washer_dryer,coffee_machine",4,2024-12-30,153.11682947971352,119.29014479330336
incl_kettle_toaster_heatpump_TV,"kettle,toaster,heatpump,TV","washer_dryer,coffee_machine",4,2024-12-31,146.1825289665735,107.7547757431485
incl_kettle_toaster_heatpump_TV,"kettle,toaster,heatpump,TV","washer_dryer,coffee_machine",4,2025-01-01,157.94637643865235,115.41588356455925
incl_kettle_toaster_heatpump_TV,"kettle,toaster,heatpump,TV","washer_dryer,coffee_machine",4,2025-01-02,155.59590077092344,114.8780543745778
incl_kettle_toaster_heatpump_TV,"kettle,toaster,heatpump,TV","washer_dryer,coffee_machine",4,2025-01-03,161.93827306031898,124.3836833298456
incl_kettle_toaster_heatpump_TV,"kettle,toaster,heatpump,TV","washer_dryer,coffee_machine",4,2025-01-04,143.11610093713185,101.74340307077132
incl_kettle_toaster_heatpump_TV,"kettle,toaster,heatpump,TV","washer_dryer,coffee_machine",4,2025-01-05,182.64285840958283,146.4824852940745
incl_kettle_washer_dryer_coffee_machine_heatpump,"kettle,washer_dryer,coffee_machine,heatpump","toaster,TV",4,2024-12-30,130.21552266999578,97.92719797424358
incl_kettle_washer_dryer_coffee_machine_heatpump,"kettle,washer_dryer,coffee_machine,heatpump","toaster,TV",4,2024-12-31,73.92150380918474,48.15655541054633
incl_kettle_washer_dryer_coffee_machine_heatpump,"kettle,washer_dryer,coffee_machine,heatpump","toaster,TV",4,2025-01-01,51.55129108457486,41.828220719192366
incl_kettle_washer_dryer_coffee_machine_heatpump,"kettle,washer_dryer,coffee_machine,heatpump","toaster,TV",4,2025-01-02,92.50966306744877,66.10877988662192
incl_kettle_washer_dryer_coffee_machine_heatpump,"kettle,washer_dryer,coffee_machine,heatpump","toaster,TV",4,2025-01-03,113.22986907550653,83.87365079056939
incl_kettle_washer_dryer_coffee_machine_heatpump,"kettle,washer_dryer,coffee_machine,heatpump","toaster,TV",4,2025-01-04,73.45665887566147,58.5394771079867
incl_kettle_washer_dryer_coffee_machine_heatpump,"kettle,washer_dryer,coffee_machine,heatpump","toaster,TV",4,2025-01-05,205.2037180252924,128.05846107098515
incl_kettle_washer_dryer_coffee_machine_TV,"kettle,washer_dryer,coffee_machine,TV","toaster,heatpump",4,2024-12-30,116.63949572673071,93.28341376594972
incl_kettle_washer_dryer_coffee_machine_TV,"kettle,washer_dryer,coffee_machine,TV","toaster,heatpump",4,2024-12-31,84.99553863597238,53.92836826606631
incl_kettle_washer_dryer_coffee_machine_TV,"kettle,washer_dryer,coffee_machine,TV","toaster,heatpump",4,2025-01-01,40.2654356435164,31.547658748926136
incl_kettle_washer_dryer_coffee_machine_TV,"kettle,washer_dryer,coffee_machine,TV","toaster,heatpump",4,2025-01-02,93.81857485343409,68.14707626825441
incl_kettle_washer_dryer_coffee_machine_TV,"kettle,washer_dryer,coffee_machine,TV","toaster,heatpump",4,2025-01-03,103.37488676662079,77.83656684688448
incl_kettle_washer_dryer_coffee_machine_TV,"kettle,washer_dryer,coffee_machine,TV","toaster,heatpump",4,2025-01-04,75.33533979628452,57.59640354875921
incl_kettle_washer_dryer_coffee_machine_TV,"kettle,washer_dryer,coffee_machine,TV","toaster,heatpump",4,2025-01-05,207.1023893411663,130.5067809033844
incl_kettle_washer_dryer_heatpump_TV,"kettle,washer_dryer,heatpump,TV","toaster,coffee_machine",4,2024-12-30,109.85196269917478,84.9484048208709
incl_kettle_washer_dryer_heatpump_TV,"kettle,washer_dryer,heatpump,TV","toaster,coffee_machine",4,2024-12-31,83.97805226113508,54.95663694875241
incl_kettle_washer_dryer_heatpump_TV,"kettle,washer_dryer,heatpump,TV","toaster,coffee_machine",4,2025-01-01,49.0820961442188,33.85745331691633
incl_kettle_washer_dryer_heatpump_TV,"kettle,washer_dryer,heatpump,TV","toaster,coffee_machine",4,2025-01-02,85.25162777003663,65.0435859999033
incl_kettle_washer_dryer_heatpump_TV,"kettle,washer_dryer,heatpump,TV","toaster,coffee_machine",4,2025-01-03,103.23491217932478,79.24353150265766
incl_kettle_washer_dryer_heatpump_TV,"kettle,washer_dryer,heatpump,TV","toaster,coffee_machine",4,2025-01-04,61.350821893239925,49.51773050391872
incl_kettle_washer_dryer_heatpump_TV,"kettle,washer_dryer,heatpump,TV","toaster,coffee_machine",4,2025-01-05,205.75194616373574,129.69759237850238
incl_kettle_coffee_machine_heatpump_TV,"kettle,coffee_machine,heatpump,TV","toaster,washer_dryer",4,2024-12-30,165.20336828533354,123.54569040945326
incl_kettle_coffee_machine_heatpump_TV,"kettle,coffee_machine,heatpump,TV","toaster,washer_dryer",4,2024-12-31,132.16169528770257,103.97063634864465
incl_kettle_coffee_machine_heatpump_TV,"kettle,coffee_machine,heatpump,TV","toaster,washer_dryer",4,2025-01-01,157.63001098533536,118.58788304816028
incl_kettle_coffee_machine_heatpump_TV,"kettle,coffee_machine,heatpump,TV","toaster,washer_dryer",4,2025-01-02,136.7861636014886,113.01708610268652
incl_kettle_coffee_machine_heatpump_TV,"kettle,coffee_machine,heatpump,TV","toaster,washer_dryer",4,2025-01-03,146.64733942912807,118.80747919701919
incl_kettle_coffee_machine_heatpump_TV,"kettle,coffee_machine,heatpump,TV","toaster,washer_dryer",4,2025-01-04,146.96623616891688,110.88893885771795
incl_kettle_coffee_machine_heatpump_TV,"kettle,coffee_machine,heatpump,TV","toaster,washer_dryer",4,2025-01-05,175.1806470985922,137.90827321979472
incl_toaster_washer_dryer_coffee_machine_heatpump,"toaster,washer_dryer,coffee_machine,heatpump","kettle,TV",4,2024-12-30,126.6311896636764,99.22440930338583
incl_toaster_washer_dryer_coffee_machine_heatpump,"toaster,washer_dryer,coffee_machine,heatpump","kettle,TV",4,2024-12-31,91.62178892202783,61.73787193127023
incl_toaster_washer_dryer_coffee_machine_heatpump,"toaster,washer_dryer,coffee_machine,heatpump","kettle,TV",4,2025-01-01,48.40695946863028,41.70368094482206
incl_toaster_washer_dryer_coffee_machine_heatpump,"toaster,washer_dryer,coffee_machine,heatpump","kettle,TV",4,2025-01-02,101.90900016215251,76.70346299223324
incl_toaster_washer_dryer_coffee_machine_heatpump,"toaster,washer_dryer,coffee_machine,heatpump","kettle,TV",4,2025-01-03,105.3162433350958,79.50900864731987
incl_toaster_washer_dryer_coffee_machine_heatpump,"toaster,washer_dryer,coffee_machine,heatpump","kettle,TV",4,2025-01-04,77.5223462970998,63.88152864539821
incl_toaster_washer_dryer_coffee_machine_heatpump,"toaster,washer_dryer,coffee_machine,heatpump","kettle,TV",4,2025-01-05,198.70052600024417,122.93943399282462
incl_toaster_washer_dryer_coffee_machine_TV,"toaster,washer_dryer,coffee_machine,TV","kettle,heatpump",4,2024-12-30,141.72811084667595,107.58112800252322
incl_toaster_washer_dryer_coffee_machine_TV,"toaster,washer_dryer,coffee_machine,TV","kettle,heatpump",4,2024-12-31,83.45794830033991,56.969226372222664
incl_toaster_washer_dryer_coffee_machine_TV,"toaster,washer_dryer,coffee_machine,TV","kettle,heatpump",4,2025-01-01,42.893442987015746,35.10440910732468
incl_toaster_washer_dryer_coffee_machine_TV,"toaster,washer_dryer,coffee_machine,TV","kettle,heatpump",4,2025-01-02,94.3771768740095,70.9827694039764
incl_toaster_washer_dryer_coffee_machine_TV,"toaster,washer_dryer,coffee_machine,TV","kettle,heatpump",4,2025-01-03,97.60379500983632,75.37399478492493
incl_toaster_washer_dryer_coffee_machine_TV,"toaster,washer_dryer,coffee_machine,TV","kettle,heatpump",4,2025-01-04,69.5002342491226,55.47774484718044
incl_toaster_washer_dryer_coffee_machine_TV,"toaster,washer_dryer,coffee_machine,TV","kettle,heatpump",4,2025-01-05,200.4742636751038,128.24698432259828
incl_toaster_washer_dryer_heatpump_TV,"toaster,washer_dryer,heatpump,TV","kettle,coffee_machine",4,2024-12-30,139.09238358258514,109.34050710234249
incl_toaster_washer_dryer_heatpump_TV,"toaster,washer_dryer,heatpump,TV","kettle,coffee_machine",4,2024-12-31,88.90205116493841,56.63141281951466
incl_toaster_washer_dryer_heatpump_TV,"toaster,washer_dryer,heatpump,TV","kettle,coffee_machine",4,2025-01-01,50.767971248083214,39.73733509456833
incl_toaster_washer_dryer_heatpump_TV,"toaster,washer_dryer,heatpump,TV","kettle,coffee_machine",4,2025-01-02,94.91869288994,71.15368618494142
incl_toaster_washer_dryer_heatpump_TV,"toaster,washer_dryer,heatpump,TV","kettle,coffee_machine",4,2025-01-03,102.64194971641504,80.35660548743958
incl_toaster_washer_dryer_heatpump_TV,"toaster,washer_dryer,heatpump,TV","kettle,coffee_machine",4,2025-01-04,77.92308773211853,61.927868767921375
incl_toaster_washer_dryer_heatpump_TV,"toaster,washer_dryer,heatpump,TV","kettle,coffee_machine",4,2025-01-05,200.3620250632496,128.6454693087392
incl_toaster_coffee_machine_heatpump_TV,"toaster,coffee_machine,heatpump,TV","kettle,washer_dryer",4,2024-12-30,185.5958417949992,137.01595000849008
incl_toaster_coffee_machine_heatpump_TV,"toaster,coffee_machine,heatpump,TV","kettle,washer_dryer",4,2024-12-31,159.78355533443346,125.9177491620837
incl_toaster_coffee_machine_heatpump_TV,"toaster,coffee_machine,heatpump,TV","kettle,washer_dryer",4,2025-01-01,160.98087710089638,126.3703615105228
incl_toaster_coffee_machine_heatpump_TV,"toaster,coffee_machine,heatpump,TV","kettle,washer_dryer",4,2025-01-02,157.5916819830741,127.7659725289764
incl_toaster_coffee_machine_heatpump_TV,"toaster,coffee_machine,heatpump,TV","kettle,washer_dryer",4,2025-01-03,151.66034551738377,125.70206602086664
incl_toaster_coffee_machine_heatpump_TV,"toaster,coffee_machine,heatpump,TV","kettle,washer_dryer",4,2025-01-04,162.80646685373733,128.2144927517609
incl_toaster_coffee_machine_heatpump_TV,"toaster,coffee_machine,heatpump,TV","kettle,washer_dryer",4,2025-01-05,189.2519912688164,153.51413838041893
incl_washer_dryer_coffee_machine_heatpump_TV,"washer_dryer,coffee_machine,heatpump,TV","kettle,toaster",4,2024-12-30,132.99180772033588,103.02058303487185
incl_washer_dryer_coffee_machine_heatpump_TV,"washer_dryer,coffee_machine,heatpump,TV","kettle,toaster",4,2024-12-31,106.99614380453066,71.4405177542073
incl_washer_dryer_coffee_machine_heatpump_TV,"washer_dryer,coffee_machine,heatpump,TV","kettle,toaster",4,2025-01-01,47.67562116590266,36.7396865357513
incl_washer_dryer_coffee_machine_heatpump_TV,"washer_dryer,coffee_machine,heatpump,TV","kettle,toaster",4,2025-01-02,96.13870074480135,76.77911470260092
incl_washer_dryer_coffee_machine_heatpump_TV,"washer_dryer,coffee_machine,heatpump,TV","kettle,toaster",4,2025-01-03,101.12298624998571,79.49461837348693
incl_washer_dryer_coffee_machine_heatpump_TV,"washer_dryer,coffee_machine,heatpump,TV","kettle,toaster",4,2025-01-04,67.3062114160875,52.04819721941351
incl_washer_dryer_coffee_machine_heatpump_TV,"washer_dryer,coffee_machine,heatpump,TV","kettle,toaster",4,2025-01-05,200.0876755202666,131.62541989569397
incl_kettle_toaster_washer_dryer_coffee_machine_heatpump,"kettle,toaster,washer_dryer,coffee_machine,heatpump",TV,5,2024-12-30,128.0376743659793,97.10273121215833
incl_kettle_toaster_washer_dryer_coffee_machine_heatpump,"kettle,toaster,washer_dryer,coffee_machine,heatpump",TV,5,2024-12-31,72.8244817656963,48.83327969145739
incl_kettle_toaster_washer_dryer_coffee_machine_heatpump,"kettle,toaster,washer_dryer,coffee_machine,heatpump",TV,5,2025-01-01,51.79132702327323,40.903801860540234
incl_kettle_toaster_washer_dryer_coffee_machine_heatpump,"kettle,toaster,washer_dryer,coffee_machine,heatpump",TV,5,2025-01-02,82.63459116570857,61.29061284416556
incl_kettle_toaster_washer_dryer_coffee_machine_heatpump,"kettle,toaster,washer_dryer,coffee_machine,heatpump",TV,5,2025-01-03,107.24264105800393,76.65578611822644
incl_kettle_toaster_washer_dryer_coffee_machine_heatpump,"kettle,toaster,washer_dryer,coffee_machine,heatpump",TV,5,2025-01-04,60.061124520800185,47.85871984344965
incl_kettle_toaster_washer_dryer_coffee_machine_heatpump,"kettle,toaster,washer_dryer,coffee_machine,heatpump",TV,5,2025-01-05,210.73605237407057,125.94178832670444
incl_kettle_toaster_washer_dryer_coffee_machine_TV,"kettle,toaster,washer_dryer,coffee_machine,TV",heatpump,5,2024-12-30,121.05017524571574,92.68698362322918
incl_kettle_toaster_washer_dryer_coffee_machine_TV,"kettle,toaster,washer_dryer,coffee_machine,TV",heatpump,5,2024-12-31,86.12181669816731,56.95084318603103
incl_kettle_toaster_washer_dryer_coffee_machine_TV,"kettle,toaster,washer_dryer,coffee_machine,TV",heatpump,5,2025-01-01,42.061807137268545,34.25823451213033
incl_kettle_toaster_washer_dryer_coffee_machine_TV,"kettle,toaster,washer_dryer,coffee_machine,TV",heatpump,5,2025-01-02,95.40350981242239,67.03361844802215
incl_kettle_toaster_washer_dryer_coffee_machine_TV,"kettle,toaster,washer_dryer,coffee_machine,TV",heatpump,5,2025-01-03,96.07033729944645,71.95768320299538
incl_kettle_toaster_washer_dryer_coffee_machine_TV,"kettle,toaster,washer_dryer,coffee_machine,TV",heatpump,5,2025-01-04,70.46649066256776,58.10042201443711
incl_kettle_toaster_washer_dryer_coffee_machine_TV,"kettle,toaster,washer_dryer,coffee_machine,TV",heatpump,5,2025-01-05,211.84579232634243,128.70149532927147
incl_kettle_toaster_washer_dryer_heatpump_TV,"kettle,toaster,washer_dryer,heatpump,TV",coffee_machine,5,2024-12-30,122.67635100944747,96.97016894033705
incl_kettle_toaster_washer_dryer_heatpump_TV,"kettle,toaster,washer_dryer,heatpump,TV",coffee_machine,5,2024-12-31,85.61564825710248,56.9202147811032
incl_kettle_toaster_washer_dryer_heatpump_TV,"kettle,toaster,washer_dryer,heatpump,TV",coffee_machine,5,2025-01-01,51.323426741253115,40.780803061941874
incl_kettle_toaster_washer_dryer_heatpump_TV,"kettle,toaster,washer_dryer,heatpump,TV",coffee_machine,5,2025-01-02,95.21652558397416,67.37388799514243
incl_kettle_toaster_washer_dryer_heatpump_TV,"kettle,toaster,washer_dryer,heatpump,TV",coffee_machine,5,2025-01-03,96.69010057120762,76.44781172014626
incl_kettle_toaster_washer_dryer_heatpump_TV,"kettle,toaster,washer_dryer,heatpump,TV",coffee_machine,5,2025-01-04,67.04316728612359,56.55482984020734
incl_kettle_toaster_washer_dryer_heatpump_TV,"kettle,toaster,washer_dryer,heatpump,TV",coffee_machine,5,2025-01-05,208.8255309299076,126.78678274127911
incl_kettle_toaster_coffee_machine_heatpump_TV,"kettle,toaster,coffee_machine,heatpump,TV",washer_dryer,5,2024-12-30,154.7547139023224,120.36044934601739
incl_kettle_toaster_coffee_machine_heatpump_TV,"kettle,toaster,coffee_machine,heatpump,TV",washer_dryer,5,2024-12-31,130.61087611961017,96.52775961206532
incl_kettle_toaster_coffee_machine_heatpump_TV,"kettle,toaster,coffee_machine,heatpump,TV",washer_dryer,5,2025-01-01,158.39319663096168,112.87870679657424
incl_kettle_toaster_coffee_machine_heatpump_TV,"kettle,toaster,coffee_machine,heatpump,TV",washer_dryer,5,2025-01-02,169.39677916945192,129.68827817763756
incl_kettle_toaster_coffee_machine_heatpump_TV,"kettle,toaster,coffee_machine,heatpump,TV",washer_dryer,5,2025-01-03,135.23688039932958,104.3320719723162
incl_kettle_toaster_coffee_machine_heatpump_TV,"kettle,toaster,coffee_machine,heatpump,TV",washer_dryer,5,2025-01-04,138.1705717816373,103.1332486245567
incl_kettle_toaster_coffee_machine_heatpump_TV,"kettle,toaster,coffee_machine,heatpump,TV",washer_dryer,5,2025-01-05,183.65035638902594,143.5972943303294
incl_kettle_washer_dryer_coffee_machine_heatpump_TV,"kettle,washer_dryer,coffee_machine,heatpump,TV",toaster,5,2024-12-30,118.65721070017446,95.56273543965699
incl_kettle_washer_dryer_coffee_machine_heatpump_TV,"kettle,washer_dryer,coffee_machine,heatpump,TV",toaster,5,2024-12-31,87.61826192353443,56.56042322600906
incl_kettle_washer_dryer_coffee_machine_heatpump_TV,"kettle,washer_dryer,coffee_machine,heatpump,TV",toaster,5,2025-01-01,43.388029566713556,36.02725955669206
incl_kettle_washer_dryer_coffee_machine_heatpump_TV,"kettle,washer_dryer,coffee_machine,heatpump,TV",toaster,5,2025-01-02,101.2814292541714,72.51362893905112
incl_kettle_washer_dryer_coffee_machine_heatpump_TV,"kettle,washer_dryer,coffee_machine,heatpump,TV",toaster,5,2025-01-03,112.60748791722254,84.23306552699923
incl_kettle_washer_dryer_coffee_machine_heatpump_TV,"kettle,washer_dryer,coffee_machine,heatpump,TV",toaster,5,2025-01-04,77.40489420916445,62.513854771496845
incl_kettle_washer_dryer_coffee_machine_heatpump_TV,"kettle,washer_dryer,coffee_machine,heatpump,TV",toaster,5,2025-01-05,207.75355107275936,130.84280824634502
incl_toaster_washer_dryer_coffee_machine_heatpump_TV,"toaster,washer_dryer,coffee_machine,heatpump,TV",kettle,5,2024-12-30,151.8792308133692,120.22352783316883
incl_toaster_washer_dryer_coffee_machine_heatpump_TV,"toaster,washer_dryer,coffee_machine,heatpump,TV",kettle,5,2024-12-31,99.97276382669703,67.75660849331858
incl_toaster_washer_dryer_coffee_machine_heatpump_TV,"toaster,washer_dryer,coffee_machine,heatpump,TV",kettle,5,2025-01-01,38.83682937908253,32.822889634089215
incl_toaster_washer_dryer_coffee_machine_heatpump_TV,"toaster,washer_dryer,coffee_machine,heatpump,TV",kettle,5,2025-01-02,112.36064679129728,78.56892624906918
incl_toaster_washer_dryer_coffee_machine_heatpump_TV,"toaster,washer_dryer,coffee_machine,heatpump,TV",kettle,5,2025-01-03,96.49568206683172,75.79194156459688
incl_toaster_washer_dryer_coffee_machine_heatpump_TV,"toaster,washer_dryer,coffee_machine,heatpump,TV",kettle,5,2025-01-04,72.43944924953303,57.340173830233006
incl_toaster_washer_dryer_coffee_machine_heatpump_TV,"toaster,washer_dryer,coffee_machine,heatpump,TV",kettle,5,2025-01-05,210.89069048390738,130.0178647236569
incl_kettle_toaster_washer_dryer_coffee_machine_heatpump_TV,"kettle,toaster,washer_dryer,coffee_machine,heatpump,TV",,6,2024-12-30,127.09556365260921,95.71385689389975
incl_kettle_toaster_washer_dryer_coffee_machine_heatpump_TV,"kettle,toaster,washer_dryer,coffee_machine,heatpump,TV",,6,2024-12-31,88.29497196698749,57.42014710822744
incl_kettle_toaster_washer_dryer_coffee_machine_heatpump_TV,"kettle,toaster,washer_dryer,coffee_machine,heatpump,TV",,6,2025-01-01,48.24553882437439,38.67145161652686
incl_kettle_toaster_washer_dryer_coffee_machine_heatpump_TV,"kettle,toaster,washer_dryer,coffee_machine,heatpump,TV",,6,2025-01-02,93.92737558523783,69.33127124520361
incl_kettle_toaster_washer_dryer_coffee_machine_heatpump_TV,"kettle,toaster,washer_dryer,coffee_machine,heatpump,TV",,6,2025-01-03,105.9539465778839,81.62027033300916
incl_kettle_toaster_washer_dryer_coffee_machine_heatpump_TV,"kettle,toaster,washer_dryer,coffee_machine,heatpump,TV",,6,2025-01-04,70.26528700641472,57.702765891593685
incl_kettle_toaster_washer_dryer_coffee_machine_heatpump_TV,"kettle,toaster,washer_dryer,coffee_machine,heatpump,TV",,6,2025-01-05,208.1954527299933,133.04921772048309
